Number of clusters,Silhouette_mean (cosine),Silhouette_std (cosine),Silhouette_mean (euclidean),Silhouette_std (euclidean),DaviesBouldin_mean,DaviesBouldin_std,ARI_mean,ARI_std
2,0.49328451631950465,0.0,0.30971412222452566,1.1102230246251565e-16,1.2808672861217045,2.220446049250313e-16,1.0,0.0
3,0.31762540328958033,0.0,0.1868912035399349,5.551115123125783e-17,1.7727352909274432,4.440892098500626e-16,1.0,0.0
4,0.2697984305071513,7.02869433014297e-05,0.1609136732724593,3.982847929303645e-05,1.7125132856038703,0.0007336149730769129,0.9987745836726579,0.0060351103516337315
5,0.2452607307680462,0.0018813150115032536,0.14385267134252402,0.0008969690093773389,1.8708543950273457,0.0041571771224987114,0.9881287676118183,0.019485912984547982
6,0.23956605599174405,0.00047727674264310077,0.13972781709962995,0.0001918621310545902,1.735505517390223,0.0030843418520813113,0.9966508285830921,0.008013933505001031
7,0.21324660115327318,0.0051197079969766395,0.12614990798495412,0.0024369088067276085,1.7234010220376397,0.01477596000682744,0.9328264942529705,0.06575490920721101
8,0.17196141255379427,0.005459096890890322,0.10686933992371482,0.0022100642770422887,1.7025292478825458,0.030361553434763537,0.9380345533508301,0.04010948521161158
9,0.1723433742363508,0.003702059407876173,0.10617204100170036,0.0014645687202019177,1.7942959931722984,0.011189744947078155,0.9364300230836108,0.04672508174903448
10,0.16390110840877056,0.010902022920148673,0.09981651983443478,0.0051785033393923095,1.757801310379294,0.028818626833258483,0.8199647491493605,0.09174415140229292
