Number of clusters,Silhouette_mean (cosine),Silhouette_std (cosine),Silhouette_mean (euclidean),Silhouette_std (euclidean),DaviesBouldin_mean,DaviesBouldin_std,ARI_mean,ARI_std
2,0.4557629041399198,5.551115123125783e-17,0.27959670262513925,1.1102230246251565e-16,1.4818455318169184,6.661338147750939e-16,1.0,0.0
3,0.317559500653969,0.0,0.16880102517990264,2.7755575615628914e-17,1.6184064063387964,0.0,1.0,0.0
4,0.32458600594727516,1.1102230246251565e-16,0.17756046848456275,8.326672684688674e-17,1.5391538075523699,2.220446049250313e-16,1.0,0.0
5,0.2741436795683794,0.002211082828808906,0.15054340579897463,0.0013261546260661785,1.7427603198293116,0.011619888581300293,0.9609313072692685,0.033852855204921796
6,0.2869059420266828,0.001922662880414101,0.15222341698561523,0.0012493148917161955,1.5690884911568699,0.005767175531630044,0.9628686219754555,0.03407153573056195
7,0.2605973103435347,0.00596129242448466,0.13854492633867785,0.0020131062949638756,1.7420769527877358,0.05721039796567638,0.8630053510631802,0.10340830869874336
8,0.25472501689963467,0.009499957956472035,0.1373625617981717,0.004546026263038563,1.7092857807710495,0.04356962856244861,0.8614583031397097,0.08404958823776253
9,0.22153136604612217,0.01165615813042711,0.11777826537752803,0.006251343880565349,1.718578735032292,0.049816548857768476,0.6831882371235621,0.09025383178883957
10,0.21395940228615742,0.014282015172978264,0.11647088050464585,0.009628222026110057,1.6779775984188459,0.053452321331147745,0.610920955747327,0.10471633511320658
11,0.2159554746302058,0.013805617820715023,0.11745446183286902,0.008032788444225293,1.6662819553656123,0.051459413357840725,0.6375663799315209,0.09766126474314081
12,0.20146528649326179,0.017797521500334375,0.1070371879613219,0.010921530541740849,1.6544925691808334,0.04845116055264606,0.6596483217342387,0.08944142847290076
13,0.20874104498389262,0.016631943138397477,0.10831986035912056,0.009477935337634545,1.5346129755397404,0.05173502050875609,0.623045353575913,0.07924122227985102
14,0.18426554964755243,0.021548959445252425,0.09624283125418581,0.012012544377782266,1.5167977869941476,0.0941493518876732,0.5909116962006743,0.08712476121280456
